site,transect,grid
Grecian,a,1
Grecian,a,2
Grecian,a,7
Grecian,a,8
Grecian,a,13
Grecian,a,14
Grecian,a,19
Grecian,a,20
Grecian,a,25
Grecian,a,26
Grecian,a,31
Grecian,a,32
Grecian,a,37
Grecian,a,38
Grecian,a,43
Grecian,a,44
Grecian,a,49
Grecian,a,50
Grecian,a,55
Grecian,a,56
Grecian,a,61
Grecian,a,62
Grecian,a,67
Grecian,a,68
Grecian,a,73
Grecian,a,74
Grecian,a,79
Grecian,a,80
Grecian,a,85
Grecian,a,86
Grecian,a,91
Grecian,a,92
Grecian,b,3
Grecian,b,4
Grecian,b,9
Grecian,b,10
Grecian,b,15
Grecian,b,16
Grecian,b,21
Grecian,b,22
Grecian,b,27
Grecian,b,28
Grecian,b,33
Grecian,b,34
Grecian,b,39
Grecian,b,40
Grecian,b,45
Grecian,b,46
Grecian,b,51
Grecian,b,52
Grecian,b,57
Grecian,b,58
Grecian,b,63
Grecian,b,64
Grecian,b,69
Grecian,b,70
Grecian,b,75
Grecian,b,76
Grecian,b,81
Grecian,b,82
Grecian,b,87
Grecian,b,88
Grecian,b,93
Grecian,b,94
Grecian,c,5
Grecian,c,6
Grecian,c,11
Grecian,c,12
Grecian,c,17
Grecian,c,18
Grecian,c,23
Grecian,c,24
Grecian,c,29
Grecian,c,30
Grecian,c,35
Grecian,c,36
Grecian,c,41
Grecian,c,42
Grecian,c,47
Grecian,c,48
Grecian,c,53
Grecian,c,54
Grecian,c,59
Grecian,c,60
Grecian,c,65
Grecian,c,66
Grecian,c,71
Grecian,c,72
Grecian,c,77
Grecian,c,78
Grecian,c,83
Grecian,c,84
Grecian,c,89
Grecian,c,90
Grecian,c,95
Grecian,c,96
Grecian Control,a,1
Grecian Control,a,2
Grecian Control,a,7
Grecian Control,a,8
Grecian Control,a,13
Grecian Control,a,14
Grecian Control,a,19
Grecian Control,a,20
Grecian Control,a,25
Grecian Control,a,26
Grecian Control,a,31
Grecian Control,a,32
Grecian Control,a,37
Grecian Control,a,38
Grecian Control,a,43
Grecian Control,a,44
Grecian Control,a,49
Grecian Control,a,50
Grecian Control,a,55
Grecian Control,a,56
Grecian Control,a,61
Grecian Control,a,62
Grecian Control,a,67
Grecian Control,a,68
Grecian Control,a,73
Grecian Control,a,74
Grecian Control,a,79
Grecian Control,a,80
Grecian Control,a,85
Grecian Control,a,86
Grecian Control,a,91
Grecian Control,a,92
Grecian Control,b,3
Grecian Control,b,4
Grecian Control,b,9
Grecian Control,b,10
Grecian Control,b,15
Grecian Control,b,16
Grecian Control,b,21
Grecian Control,b,22
Grecian Control,b,27
Grecian Control,b,28
Grecian Control,b,33
Grecian Control,b,34
Grecian Control,b,39
Grecian Control,b,40
Grecian Control,b,45
Grecian Control,b,46
Grecian Control,b,51
Grecian Control,b,52
Grecian Control,b,57
Grecian Control,b,58
Grecian Control,b,63
Grecian Control,b,64
Grecian Control,b,69
Grecian Control,b,70
Grecian Control,b,75
Grecian Control,b,76
Grecian Control,b,81
Grecian Control,b,82
Grecian Control,b,87
Grecian Control,b,88
Grecian Control,b,93
Grecian Control,b,94
Grecian Control,c,5
Grecian Control,c,6
Grecian Control,c,11
Grecian Control,c,12
Grecian Control,c,17
Grecian Control,c,18
Grecian Control,c,23
Grecian Control,c,24
Grecian Control,c,29
Grecian Control,c,30
Grecian Control,c,35
Grecian Control,c,36
Grecian Control,c,41
Grecian Control,c,42
Grecian Control,c,47
Grecian Control,c,48
Grecian Control,c,53
Grecian Control,c,54
Grecian Control,c,59
Grecian Control,c,60
Grecian Control,c,65
Grecian Control,c,66
Grecian Control,c,71
Grecian Control,c,72
Grecian Control,c,77
Grecian Control,c,78
Grecian Control,c,83
Grecian Control,c,84
Grecian Control,c,89
Grecian Control,c,90
Grecian Control,c,95
Grecian Control,c,96
NDR,a,1
NDR,a,2
NDR,a,7
NDR,a,8
NDR,a,13
NDR,a,14
NDR,a,19
NDR,a,20
NDR,a,25
NDR,a,26
NDR,a,31
NDR,a,32
NDR,a,37
NDR,a,38
NDR,a,43
NDR,a,44
NDR,a,49
NDR,a,50
NDR,a,55
NDR,a,56
NDR,a,61
NDR,a,62
NDR,a,67
NDR,a,68
NDR,a,73
NDR,a,74
NDR,a,79
NDR,a,80
NDR,a,85
NDR,a,86
NDR,a,91
NDR,a,92
NDR,b,3
NDR,b,4
NDR,b,9
NDR,b,10
NDR,b,15
NDR,b,16
NDR,b,21
NDR,b,22
NDR,b,27
NDR,b,28
NDR,b,33
NDR,b,34
NDR,b,39
NDR,b,40
NDR,b,45
NDR,b,46
NDR,b,51
NDR,b,52
NDR,b,57
NDR,b,58
NDR,b,63
NDR,b,64
NDR,b,69
NDR,b,70
NDR,b,75
NDR,b,76
NDR,b,81
NDR,b,82
NDR,b,87
NDR,b,88
NDR,b,93
NDR,b,94
NDR,c,5
NDR,c,6
NDR,c,11
NDR,c,12
NDR,c,17
NDR,c,18
NDR,c,23
NDR,c,24
NDR,c,29
NDR,c,30
NDR,c,35
NDR,c,36
NDR,c,41
NDR,c,42
NDR,c,47
NDR,c,48
NDR,c,53
NDR,c,54
NDR,c,59
NDR,c,60
NDR,c,65
NDR,c,66
NDR,c,71
NDR,c,72
NDR,c,77
NDR,c,78
NDR,c,83
NDR,c,84
NDR,c,89
NDR,c,90
NDR,c,95
NDR,c,96
NDR Control,a,1
NDR Control,a,2
NDR Control,a,7
NDR Control,a,8
NDR Control,a,13
NDR Control,a,14
NDR Control,a,19
NDR Control,a,20
NDR Control,a,25
NDR Control,a,26
NDR Control,a,31
NDR Control,a,32
NDR Control,a,37
NDR Control,a,38
NDR Control,a,43
NDR Control,a,44
NDR Control,a,49
NDR Control,a,50
NDR Control,a,55
NDR Control,a,56
NDR Control,a,61
NDR Control,a,62
NDR Control,a,67
NDR Control,a,68
NDR Control,a,73
NDR Control,a,74
NDR Control,a,79
NDR Control,a,80
NDR Control,a,85
NDR Control,a,86
NDR Control,a,91
NDR Control,a,92
NDR Control,b,3
NDR Control,b,4
NDR Control,b,9
NDR Control,b,10
NDR Control,b,15
NDR Control,b,16
NDR Control,b,21
NDR Control,b,22
NDR Control,b,27
NDR Control,b,28
NDR Control,b,33
NDR Control,b,34
NDR Control,b,39
NDR Control,b,40
NDR Control,b,45
NDR Control,b,46
NDR Control,b,51
NDR Control,b,52
NDR Control,b,57
NDR Control,b,58
NDR Control,b,63
NDR Control,b,64
NDR Control,b,69
NDR Control,b,70
NDR Control,b,75
NDR Control,b,76
NDR Control,b,81
NDR Control,b,82
NDR Control,b,87
NDR Control,b,88
NDR Control,b,93
NDR Control,b,94
NDR Control,c,5
NDR Control,c,6
NDR Control,c,11
NDR Control,c,12
NDR Control,c,17
NDR Control,c,18
NDR Control,c,23
NDR Control,c,24
NDR Control,c,29
NDR Control,c,30
NDR Control,c,35
NDR Control,c,36
NDR Control,c,41
NDR Control,c,42
NDR Control,c,47
NDR Control,c,48
NDR Control,c,53
NDR Control,c,54
NDR Control,c,59
NDR Control,c,60
NDR Control,c,65
NDR Control,c,66
NDR Control,c,71
NDR Control,c,72
NDR Control,c,77
NDR Control,c,78
NDR Control,c,83
NDR Control,c,84
NDR Control,c,89
NDR Control,c,90
NDR Control,c,95
NDR Control,c,96
Carysfort,a,1
Carysfort,a,2
Carysfort,a,3
Carysfort,a,4
Carysfort,a,5
Carysfort,a,6
Carysfort,a,7
Carysfort,a,8
Carysfort,a,9
Carysfort,a,10
Carysfort,a,11
Carysfort,a,12
Carysfort,a,13
Carysfort,a,14
Carysfort,a,15
Carysfort,a,16
Carysfort,a,17
Carysfort,a,18
Carysfort,a,19
Carysfort,a,20
Carysfort,b,21
Carysfort,b,22
Carysfort,b,23
Carysfort,b,24
Carysfort,b,25
Carysfort,b,26
Carysfort,b,27
Carysfort,b,28
Carysfort,b,29
Carysfort,b,30
Carysfort,b,31
Carysfort,b,32
Carysfort,b,33
Carysfort,b,34
Carysfort,b,35
Carysfort,b,36
Carysfort,b,37
Carysfort,b,38
Carysfort,b,39
Carysfort,b,40
Carysfort,c,41
Carysfort,c,42
Carysfort,c,43
Carysfort,c,44
Carysfort,c,45
Carysfort,c,46
Carysfort,c,47
Carysfort,c,48
Carysfort,c,49
Carysfort,c,50
Carysfort,c,51
Carysfort,c,52
Carysfort,c,53
Carysfort,c,54
Carysfort,c,55
Carysfort,c,56
Carysfort,c,57
Carysfort,c,58
Carysfort,c,59
Carysfort,c,60
Carysfort,d,61
Carysfort,d,62
Carysfort,d,63
Carysfort,d,64
Carysfort,d,65
Carysfort,d,66
Carysfort,d,67
Carysfort,d,68
Carysfort,d,69
Carysfort,d,70
Carysfort,d,71
Carysfort,d,72
Carysfort,d,73
Carysfort,d,74
Carysfort,d,75
Carysfort,d,76
Carysfort,d,77
Carysfort,d,78
Carysfort,d,79
Carysfort,d,80
Carysfort,e,81
Carysfort,e,82
Carysfort,e,83
Carysfort,e,84
Carysfort,e,85
Carysfort,e,86
Carysfort,e,87
Carysfort,e,88
Carysfort,e,89
Carysfort,e,90
Carysfort,e,91
Carysfort,e,92
Carysfort,e,93
Carysfort,e,94
Carysfort,e,95
Carysfort,e,96
Carysfort,e,97
Carysfort,e,98
Carysfort,e,99
Carysfort,e,100
Carysfort Control,a,1
Carysfort Control,a,2
Carysfort Control,a,3
Carysfort Control,a,4
Carysfort Control,a,5
Carysfort Control,a,6
Carysfort Control,a,7
Carysfort Control,a,8
Carysfort Control,a,9
Carysfort Control,a,10
Carysfort Control,a,11
Carysfort Control,a,12
Carysfort Control,a,13
Carysfort Control,a,14
Carysfort Control,a,15
Carysfort Control,a,16
Carysfort Control,a,17
Carysfort Control,a,18
Carysfort Control,a,19
Carysfort Control,a,20
Carysfort Control,b,21
Carysfort Control,b,22
Carysfort Control,b,23
Carysfort Control,b,24
Carysfort Control,b,25
Carysfort Control,b,26
Carysfort Control,b,27
Carysfort Control,b,28
Carysfort Control,b,29
Carysfort Control,b,30
Carysfort Control,b,31
Carysfort Control,b,32
Carysfort Control,b,33
Carysfort Control,b,34
Carysfort Control,b,35
Carysfort Control,b,36
Carysfort Control,b,37
Carysfort Control,b,38
Carysfort Control,b,39
Carysfort Control,b,40
Carysfort Control,c,41
Carysfort Control,c,42
Carysfort Control,c,43
Carysfort Control,c,44
Carysfort Control,c,45
Carysfort Control,c,46
Carysfort Control,c,47
Carysfort Control,c,48
Carysfort Control,c,49
Carysfort Control,c,50
Carysfort Control,c,51
Carysfort Control,c,52
Carysfort Control,c,53
Carysfort Control,c,54
Carysfort Control,c,55
Carysfort Control,c,56
Carysfort Control,c,57
Carysfort Control,c,58
Carysfort Control,c,59
Carysfort Control,c,60
Carysfort Control,d,61
Carysfort Control,d,62
Carysfort Control,d,63
Carysfort Control,d,64
Carysfort Control,d,65
Carysfort Control,d,66
Carysfort Control,d,67
Carysfort Control,d,68
Carysfort Control,d,69
Carysfort Control,d,70
Carysfort Control,d,71
Carysfort Control,d,72
Carysfort Control,d,73
Carysfort Control,d,74
Carysfort Control,d,75
Carysfort Control,d,76
Carysfort Control,d,77
Carysfort Control,d,78
Carysfort Control,d,79
Carysfort Control,d,80
Carysfort Control,e,81
Carysfort Control,e,82
Carysfort Control,e,83
Carysfort Control,e,84
Carysfort Control,e,85
Carysfort Control,e,86
Carysfort Control,e,87
Carysfort Control,e,88
Carysfort Control,e,89
Carysfort Control,e,90
Carysfort Control,e,91
Carysfort Control,e,92
Carysfort Control,e,93
Carysfort Control,e,94
Carysfort Control,e,95
Carysfort Control,e,96
Carysfort Control,e,97
Carysfort Control,e,98
Carysfort Control,e,99
Carysfort Control,e,100
Pickles,a,1
Pickles,a,2
Pickles,a,3
Pickles,a,4
Pickles,a,5
Pickles,a,6
Pickles,a,7
Pickles,a,8
Pickles,a,9
Pickles,a,10
Pickles,a,11
Pickles,a,12
Pickles,a,13
Pickles,a,14
Pickles,a,15
Pickles,a,16
Pickles,a,17
Pickles,a,18
Pickles,a,19
Pickles,a,20
Pickles,b,21
Pickles,b,22
Pickles,b,23
Pickles,b,24
Pickles,b,25
Pickles,b,26
Pickles,b,27
Pickles,b,28
Pickles,b,29
Pickles,b,30
Pickles,b,31
Pickles,b,32
Pickles,b,33
Pickles,b,34
Pickles,b,35
Pickles,b,36
Pickles,b,37
Pickles,b,38
Pickles,b,39
Pickles,b,40
Pickles,c,41
Pickles,c,42
Pickles,c,43
Pickles,c,44
Pickles,c,45
Pickles,c,46
Pickles,c,47
Pickles,c,48
Pickles,c,49
Pickles,c,50
Pickles,c,51
Pickles,c,52
Pickles,c,53
Pickles,c,54
Pickles,c,55
Pickles,c,56
Pickles,c,57
Pickles,c,58
Pickles,c,59
Pickles,c,60
Pickles,d,61
Pickles,d,62
Pickles,d,63
Pickles,d,64
Pickles,d,65
Pickles,d,66
Pickles,d,67
Pickles,d,68
Pickles,d,69
Pickles,d,70
Pickles,d,71
Pickles,d,72
Pickles,d,73
Pickles,d,74
Pickles,d,75
Pickles,d,76
Pickles,d,77
Pickles,d,78
Pickles,d,79
Pickles,d,80
Pickles,e,81
Pickles,e,82
Pickles,e,83
Pickles,e,84
Pickles,e,85
Pickles,e,86
Pickles,e,87
Pickles,e,88
Pickles,e,89
Pickles,e,90
Pickles,e,91
Pickles,e,92
Pickles,e,93
Pickles,e,94
Pickles,e,95
Pickles,e,96
Pickles,e,97
Pickles,e,98
Pickles,e,99
Pickles,e,100
Pickles Control,a,1
Pickles Control,a,2
Pickles Control,a,3
Pickles Control,a,4
Pickles Control,a,5
Pickles Control,a,6
Pickles Control,a,7
Pickles Control,a,8
Pickles Control,a,9
Pickles Control,a,10
Pickles Control,a,11
Pickles Control,a,12
Pickles Control,a,13
Pickles Control,a,14
Pickles Control,a,15
Pickles Control,a,16
Pickles Control,a,17
Pickles Control,a,18
Pickles Control,a,19
Pickles Control,a,20
Pickles Control,b,21
Pickles Control,b,22
Pickles Control,b,23
Pickles Control,b,24
Pickles Control,b,25
Pickles Control,b,26
Pickles Control,b,27
Pickles Control,b,28
Pickles Control,b,29
Pickles Control,b,30
Pickles Control,b,31
Pickles Control,b,32
Pickles Control,b,33
Pickles Control,b,34
Pickles Control,b,35
Pickles Control,b,36
Pickles Control,b,37
Pickles Control,b,38
Pickles Control,b,39
Pickles Control,b,40
Pickles Control,c,41
Pickles Control,c,42
Pickles Control,c,43
Pickles Control,c,44
Pickles Control,c,45
Pickles Control,c,46
Pickles Control,c,47
Pickles Control,c,48
Pickles Control,c,49
Pickles Control,c,50
Pickles Control,c,51
Pickles Control,c,52
Pickles Control,c,53
Pickles Control,c,54
Pickles Control,c,55
Pickles Control,c,56
Pickles Control,c,57
Pickles Control,c,58
Pickles Control,c,59
Pickles Control,c,60
Pickles Control,d,61
Pickles Control,d,62
Pickles Control,d,63
Pickles Control,d,64
Pickles Control,d,65
Pickles Control,d,66
Pickles Control,d,67
Pickles Control,d,68
Pickles Control,d,69
Pickles Control,d,70
Pickles Control,d,71
Pickles Control,d,72
Pickles Control,d,73
Pickles Control,d,74
Pickles Control,d,75
Pickles Control,d,76
Pickles Control,d,77
Pickles Control,d,78
Pickles Control,d,79
Pickles Control,d,80
Pickles Control,e,81
Pickles Control,e,82
Pickles Control,e,83
Pickles Control,e,84
Pickles Control,e,85
Pickles Control,e,86
Pickles Control,e,87
Pickles Control,e,88
Pickles Control,e,89
Pickles Control,e,90
Pickles Control,e,91
Pickles Control,e,92
Pickles Control,e,93
Pickles Control,e,94
Pickles Control,e,95
Pickles Control,e,96
Pickles Control,e,97
Pickles Control,e,98
Pickles Control,e,99
Pickles Control,e,100
